Company,Domain,Address,City,State,Industry,ERP
Advanced Lee Co.,advancedleeco.org,77205 Murray Forge,New Pam,KS,Healthcare,Oracle
Strategic Corporation Corp.,strategiccorpor.net,709 Norton Branch Apt. 747,Garciamouth,OH,Retail,Microsoft Dynamics
Green Tech,greentech.org,5046 Kimberly Forge,Claymouth,DC,Education,NetSuite
Dynamic Carey Ltd.,dynamiccareyltd.org,054 Timothy Neck Apt. 129,East Kenneth,AR,Technology,Epicor
Dynamic Industries Inc.,dynamicindustri.net,13915 Jason Heights Apt. 800,South Patriciaview,MA,Retail,Oracle
National Systems Corp.,nationalsystems.net,6953 Stephen Shoals Apt. 755,Lake Paul,ND,Healthcare,PeopleSoft
Roberts Solutions,robertssolution.org,602 Natalie Rapid Suite 266,Justinstad,ID,Healthcare,SAP
Premier Thomas Co.,premierthomasco.io,470 David Shoals Suite 761,Longfort,FL,Finance,NetSuite
Innovative Reyes Corp.,innovativereyes.net,80438 Larsen Streets Suite 194,Millerview,AS,Healthcare,NetSuite
Robinson Enterprises,robinsonenterpr.net,87588 Tracie Isle,Richardsonland,SD,Technology,NetSuite
Strategic Solutions Ltd.,strategicsoluti.com,53666 Welch Gateway,West Cynthia,WV,Healthcare,NetSuite
Innovative Rodriguez Ltd.,innovativerodri.com,023 Murphy Island Suite 254,Keithbury,OK,Technology,Microsoft Dynamics
Premier Corporation Corp.,premiercorporat.com,26446 Kennedy Harbor Apt. 885,New Lori,NH,Finance,Epicor
Riley Systems,rileysystems.org,94808 Lee Fall Apt. 036,North Maureenfort,PR,Retail,Oracle
Blanchardside Group,blanchardsidegr.io,81780 Robinson Port Apt. 400,Erikhaven,MP,Manufacturing,NetSuite
Rittershire Tech,rittershiretech.io,8582 Anderson Valleys Apt. 930,Pooleburgh,VI,Technology,JD Edwards
Guzman Group,guzmangroup.com,62704 Carol Ridge Apt. 999,Desireeborough,LA,Manufacturing,Infor
North Dawnburgh Tech,northdawnburght.com,86573 Thompson Wells Apt. 793,Markstad,MT,Education,NetSuite
Dynamic Lewis Ltd.,dynamiclewisltd.io,93984 Mccullough Course Apt. 555,Lake Laura,NJ,Technology,Microsoft Dynamics
Bishopbury Corporation,bishopburycorpo.org,22981 Hatfield Isle Suite 458,Daughertyburgh,GA,Healthcare,Unknown
Price Solutions,pricesolutions.org,7541 Stone Prairie,Richardsonberg,HI,Healthcare,SAP
Pierce Tech,piercetech.io,93915 Tricia Stravenue Suite 495,Patriciaside,SC,Retail,Workday
Karenburgh Enterprises,karenburghenter.io,932 Beverly Station Apt. 981,Ramosmouth,AK,Healthcare,Workday
New Dylan Industries,newdylanindustr.net,177 Ramirez Prairie,West Kevin,MS,Retail,Microsoft Dynamics
National Industries Co.,nationalindustr.org,55678 Tanya Parkways Apt. 547,Lisafurt,MD,Retail,PeopleSoft
Davila Industries,davilaindustrie.io,113 Jennifer Shoal,Edwardsmouth,FM,Finance,Unknown
Ortiz Services,ortizservices.org,4440 Callahan Shoals Suite 633,Goodwinton,IA,Education,Unknown
National Wilkinson Ltd.,nationalwilkins.org,6040 Rose Manors Apt. 609,East Kristen,TN,Retail,Unknown
Advanced Systems LLC,advancedsystems.io,3676 Patrick Forks Suite 370,New Deanna,ND,Finance,Infor
Lake Margaretborough Systems,lakemargaretbor.com,0996 Miller Park,South Timothyborough,WY,Education,SAP
Christianville Solutions,christianvilles.org,77086 Adams Green Suite 262,Montgomeryberg,NE,Education,PeopleSoft
South Jeffrey Corporation,southjeffreycor.com,69467 Alexander Turnpike,New Danielfurt,MA,Technology,PeopleSoft
Strategic Solutions Corp.,strategicsoluti.io,043 Julia Square,East Dawnton,KS,Healthcare,Oracle
National Alvarado Corp.,nationalalvarad.net,7745 Lauren Key,Ryanburgh,ME,Technology,PeopleSoft
New Jasonmouth Group,newjasonmouthgr.net,6837 Heather Summit,Villanuevaborough,IL,Education,PeopleSoft
Porter Solutions,portersolutions.io,24415 Karen Green,West Jeffreyhaven,DC,Manufacturing,SAP
Pierceberg Systems,piercebergsyste.io,1916 Jessica Parkway,Nicolestad,MN,Retail,SAP
